mouse.x,mouse.y,mouse.leftButton,mouse.midButton,mouse.rightButton,mouse.time,mouse.clicked_name,respSequence,trials.thisRepN,trials.thisTrialN,trials.thisN,trials.thisIndex,trials.ran,trials.order,sequence,blockDuration,session,participant,date,expName,psychopyVersion,frameRate
,,,,,,,,5,0,5,0,1,4,"['blk1', 'blk2', 'blk3', 'blk4', 'blk5']",0.5,001,777,2019-05-27_14h11.07.876,corsi,3.0.2,60
,,,,,,,,5,0,5,0,1,4,"['blk1', 'blk2', 'blk3', 'blk4', 'blk5']",0.5,001,777,2019-05-27_14h11.07.876,corsi,3.0.2,60
,,,,,,,,5,0,5,0,1,4,"['blk1', 'blk2', 'blk3', 'blk4', 'blk5']",0.5,001,777,2019-05-27_14h11.07.876,corsi,3.0.2,60
,,,,,,,,5,0,5,0,1,4,"['blk1', 'blk2', 'blk3', 'blk4', 'blk5']",0.5,001,777,2019-05-27_14h11.07.876,corsi,3.0.2,60
,,,,,,,,5,0,5,0,1,4,"['blk1', 'blk2', 'blk3', 'blk4', 'blk5']",0.5,001,777,2019-05-27_14h11.07.876,corsi,3.0.2,60
