﻿blueOpacity,orangeOpacity,soundVolume,corrAns,practice.thisRepN,practice.thisTrialN,practice.thisN,practice.thisIndex,instr1_2.started,instr1_2.stopped,instr1Resp_2.keys,instr1Resp_2.rt,instr1Resp_2.started,instr1Resp_2.stopped,trialBlue.started,trialBlue.stopped,trialOrange.started,trialOrange.stopped,trialFix.started,trialFix.stopped,trialResp.keys,trialResp.corr,trialResp.rt,trialResp.started,trialResp.stopped,sound_1.started,sound_1.stopped,text.started,text.stopped,participant,session,date,expName,psychopyVersion,frameRate,
,,,,,,,,8.153289700043388,None,space,2.8107730000047013,8.153289700043388,None,,,,,,,,,,,,,,,,9999,001,2020_Jun_24_1138,goNogoTest,2020.1.3,60.357133164092886,
1,0,0,right,0,0,0,9,,,,,,,12.0781505999621,None,12.0781505999621,None,11.091508500045165,12.094472500029951,left,0,1.566090900101699,11.091508500045165,None,12.177632989967242,None,12.689980800030753,None,9999,001,2020_Jun_24_1138,goNogoTest,2020.1.3,60.357133164092886,
1,0,0,right,0,1,1,32,,,,,,,14.67570570006501,None,14.67570570006501,None,13.69346730003599,14.709129999973811,right,1,1.694469099980779,13.69346730003599,None,14.775941389985382,None,15.408400299958885,None,9999,001,2020_Jun_24_1138,goNogoTest,2020.1.3,60.357133164092886,
0,1,0,left,0,2,2,34,,,,,,,17.38998520001769,None,17.38998520001769,None,16.407605199958198,17.423265099991113,left,1,1.5267878000158817,16.407605199958198,None,17.490333989984357,None,17.956249100039713,None,9999,001,2020_Jun_24_1138,goNogoTest,2020.1.3,60.357133164092886,
0,1,0,left,0,3,3,23,,,,,,,19.938191000022925,None,19.938191000022925,None,18.95543870003894,19.954315199982375,left,1,1.5779469000408426,18.95543870003894,None,20.03779028998688,20.237794999964535,20.55383200000506,None,9999,001,2020_Jun_24_1138,goNogoTest,2020.1.3,60.357133164092886,
0,1,0,left,0,4,4,26,,,,,,,22.53607709996868,None,22.53607709996868,None,21.55300850002095,22.55249479995109,left,1,1.5768027000594884,21.55300850002095,None,22.635401090048255,None,23.151492699980736,None,9999,001,2020_Jun_24_1138,goNogoTest,2020.1.3,60.357133164092886,
1,0,0,right,0,5,5,39,,,,,,,25.13326859998051,26.132411899976432,25.13326859998051,26.132411899976432,24.151161100016907,25.166955100023188,None,0,,24.151161100016907,None,25.233166090003216,None,26.165785699966364,None,9999,001,2020_Jun_24_1138,goNogoTest,2020.1.3,60.357133164092886,
