﻿blueOpacity,orangeOpacity,soundVolume,corrAns,practice.thisRepN,practice.thisTrialN,practice.thisN,practice.thisIndex,instr1_2.started,instr1_2.stopped,instr1Resp_2.keys,instr1Resp_2.rt,instr1Resp_2.started,instr1Resp_2.stopped,trialBlue.started,trialBlue.stopped,trialOrange.started,trialOrange.stopped,trialFix.started,trialFix.stopped,trialResp.keys,trialResp.corr,trialResp.rt,trialResp.started,trialResp.stopped,sound_1.started,sound_1.stopped,text.started,text.stopped,participant,session,date,expName,psychopyVersion,frameRate,
,,,,,,,,9.220088999951258,None,space,3.755386999924667,9.220088999951258,None,,,,,,,,,,,,,,,,9999,001,2020_Jun_24_1107,goNogoTest,2020.1.3,59.972316805146725,
0,1,0,0.0,0,0,0,30,,,,,,,14.08242419990711,None,14.08242419990711,None,13.094316700007766,14.098943099961616,0,0,1.6431083000497892,13.094316700007766,None,14.182190380000975,None,14.777315499959514,None,9999,001,2020_Jun_24_1107,goNogoTest,2020.1.3,59.972316805146725,
0,1,0,0.0,0,1,1,7,,,,,,,16.763491499936208,None,16.763491499936208,None,15.780862599960528,16.779870599973947,0,0,1.418616499984637,15.780862599960528,None,16.863190079980996,None,17.22942809993401,None,9999,001,2020_Jun_24_1107,goNogoTest,2020.1.3,59.972316805146725,
0,1,0,0.0,0,2,2,21,,,,,,,19.21112639992498,None,19.21112639992498,None,18.228891899925657,19.244418999995105,0,0,1.4059062999440357,18.228891899925657,None,19.31088947999524,None,19.66078449995257,None,9999,001,2020_Jun_24_1107,goNogoTest,2020.1.3,59.972316805146725,
1,0,0,9.0,0,3,3,9,,,,,,,21.64220659993589,None,21.64220659993589,None,20.659910999936983,21.67574069998227,9,0,1.4252113999100402,20.659910999936983,None,21.74227227998199,21.94233499991242,22.108945699990727,None,9999,001,2020_Jun_24_1107,goNogoTest,2020.1.3,59.972316805146725,
1,0,0,9.0,0,4,4,1,,,,,,,24.10671329998877,None,24.10671329998877,None,23.124342299997807,24.123529099975713,0,0,1.5706189000047743,23.124342299997807,None,24.207273579959292,None,24.723266499931924,None,9999,001,2020_Jun_24_1107,goNogoTest,2020.1.3,59.972316805146725,
