id,combined
1,dog    cat
2,dog    bird
3,dog    cow
4,dog    mountain
5,dog    tree
6,dog    river
7,dog    sun
8,dog    meat
9,dog    cheese
10,dog    water
11,dog    bread
12,dog    hammer
13,dog    broom
14,dog    pen
15,dog    knife
16,dog    bed
17,dog    table
18,dog    cupboard
19,dog    lamp
20,dog    shoe
21,dog    pants
22,dog    hat
23,dog    umbrella
24,dog    bucket
25,dog    bottle
26,dog    sack
27,dog    can
28,cat    bird
29,cat    cow
30,cat    mountain
31,cat    tree
32,cat    river
33,cat    sun
34,cat    meat
35,cat    cheese
36,cat    water
37,cat    bread
38,cat    hammer
39,cat    broom
40,cat    pen
41,cat    knife
42,cat    bed
43,cat    table
44,cat    cupboard
45,cat    lamp
46,cat    shoe
47,cat    pants
48,cat    hat
49,cat    umbrella
50,cat    bucket
51,cat    bottle
52,cat    sack
53,cat    can
54,bird    cow
55,bird    mountain
56,bird    tree
57,bird    river
58,bird    sun
59,bird    meat
60,bird    cheese
61,bird    water
62,bird    bread
63,bird    hammer
64,bird    broom
65,bird    pen
66,bird    knife
67,bird    bed
68,bird    table
69,bird    cupboard
70,bird    lamp
71,bird    shoe
72,bird    pants
73,bird    hat
74,bird    umbrella
75,bird    bucket
76,bird    bottle
77,bird    sack
78,bird    can
79,cow    mountain
80,cow    tree
81,cow    river
82,cow    sun
83,cow    meat
84,cow    cheese
85,cow    water
86,cow    bread
87,cow    hammer
88,cow    broom
89,cow    pen
90,cow    knife
91,cow    bed
92,cow    table
93,cow    cupboard
94,cow    lamp
