response.keys,response.corr,mouseResp.x,mouseResp.y,mouseResp.leftButton,mouseResp.midButton,mouseResp.rightButton,mouseResp.clicked_name,practiceTrials.thisRepN,practiceTrials.thisTrialN,practiceTrials.thisN,practiceTrials.thisIndex,practiceTrials.ran,practiceTrials.order,isi,xPos,corrAns,participant,session,date,expName,psychopyVersion,frameRate
,0,0.385185185,-0.005555556,1,0,0,targImage,1,0,8,7,1,7,1,0.375,n,1,001,2020-03-03_14h35.26.496,choiceRTT,3.1.3,60
,0,-0.082407407,0.019444444,1,0,0,targImage,1,0,8,5,1,7,1,-0.125,v,1,001,2020-03-03_14h35.26.496,choiceRTT,3.1.3,60
,0,0.382407407,-0.021296296,1,0,0,targImage,1,0,8,3,1,7,1,0.375,n,1,001,2020-03-03_14h35.26.496,choiceRTT,3.1.3,60
,0,-0.399074074,0.037962963,1,0,0,targImage,1,0,8,0,1,7,1,-0.375,c,1,001,2020-03-03_14h35.26.496,choiceRTT,3.1.3,60
,0,-0.073148148,0.027777778,1,0,0,targImage,1,0,8,1,1,7,1,-0.125,v,1,001,2020-03-03_14h35.26.496,choiceRTT,3.1.3,60
,0,0.147222222,0,1,0,0,targImage,1,0,8,2,1,7,1,0.125,b,1,001,2020-03-03_14h35.26.496,choiceRTT,3.1.3,60
,0,0.127777778,-0.012962963,1,0,0,targImage,1,0,8,6,1,7,1,0.125,b,1,001,2020-03-03_14h35.26.496,choiceRTT,3.1.3,60
,0,-0.35462963,0.066666667,1,0,0,targImage,1,0,8,4,1,7,1,-0.375,c,1,001,2020-03-03_14h35.26.496,choiceRTT,3.1.3,60
