response.keys,response.corr,mouseResp.x,mouseResp.y,mouseResp.leftButton,mouseResp.midButton,mouseResp.rightButton,mouseResp.clicked_name,practiceTrials.thisRepN,practiceTrials.thisTrialN,practiceTrials.thisN,practiceTrials.thisIndex,practiceTrials.ran,practiceTrials.order,isi,xPos,corrAns,participant,session,date,expName,psychopyVersion,frameRate
,0,0.371428571,-0.01047619,1,0,0,targImage,1,0,8,3,1,7,1,0.375,n,2,001,2020-03-03_15h15.07.950,choiceRTT,3.1.3,60
,0,0.352380952,-0.003809524,1,0,0,targImage,1,0,8,7,1,7,1,0.375,n,2,001,2020-03-03_15h15.07.950,choiceRTT,3.1.3,60
,0,0.075238095,0.006666667,1,0,0,targImage,1,0,8,6,1,7,1,0.125,b,2,001,2020-03-03_15h15.07.950,choiceRTT,3.1.3,60
,0,-0.13047619,-0.000952381,1,0,0,targImage,1,0,8,1,1,7,1,-0.125,v,2,001,2020-03-03_15h15.07.950,choiceRTT,3.1.3,60
,0,0.137142857,-0.002857143,1,0,0,targImage,1,0,8,2,1,7,1,0.125,b,2,001,2020-03-03_15h15.07.950,choiceRTT,3.1.3,60
,0,-0.324761905,0.004761905,1,0,0,targImage,1,0,8,0,1,7,1,-0.375,c,2,001,2020-03-03_15h15.07.950,choiceRTT,3.1.3,60
,0,-0.36,0.024761905,1,0,0,targImage,1,0,8,4,1,7,1,-0.375,c,2,001,2020-03-03_15h15.07.950,choiceRTT,3.1.3,60
,0,-0.171428571,0.00952381,1,0,0,targImage,1,0,8,5,1,7,1,-0.125,v,2,001,2020-03-03_15h15.07.950,choiceRTT,3.1.3,60
