response.keys,response.corr,mouseResp.x,mouseResp.y,mouseResp.leftButton,mouseResp.midButton,mouseResp.rightButton,mouseResp.clicked_name,practiceTrials.thisRepN,practiceTrials.thisTrialN,practiceTrials.thisN,practiceTrials.thisIndex,practiceTrials.ran,practiceTrials.order,isi,xPos,corrAns,participant,session,date,expName,psychopyVersion,frameRate
,0,-0.127604167,0.0078125,1,0,0,targImage,1,0,8,5,1,7,1,-0.125,v,hjhh,001,2020-03-31_17h15.39.005,choiceRTT,3.1.3,60
,0,-0.401041667,0.0625,1,0,0,targImage,1,0,8,0,1,7,1,-0.375,c,hjhh,001,2020-03-31_17h15.39.005,choiceRTT,3.1.3,60
,0,0.411458333,-0.013020833,1,0,0,targImage,1,0,8,7,1,7,1,0.375,n,hjhh,001,2020-03-31_17h15.39.005,choiceRTT,3.1.3,60
,0,0.083333333,-0.04296875,1,0,0,targImage,1,0,8,2,1,7,1,0.125,b,hjhh,001,2020-03-31_17h15.39.005,choiceRTT,3.1.3,60
,0,0.302083333,-0.05078125,1,0,0,targImage,1,0,8,3,1,7,1,0.375,n,hjhh,001,2020-03-31_17h15.39.005,choiceRTT,3.1.3,60
