response.keys,response.corr,mouseResp.x,mouseResp.y,mouseResp.leftButton,mouseResp.midButton,mouseResp.rightButton,mouseResp.clicked_name,practiceTrials.thisRepN,practiceTrials.thisTrialN,practiceTrials.thisN,practiceTrials.thisIndex,practiceTrials.ran,practiceTrials.order,isi,xPos,corrAns,participant,session,date,expName,psychopyVersion,frameRate
,0,0.298148166,0.000925918,1,0,0,targImage,1,0,8,7,1,7,1,0.375,n,,001,2020-07-11_12h02.26.422,choiceRTT,3.1.3,60
,0,-0.340740733,-0.012037045,1,0,0,targImage,1,0,8,0,1,7,1,-0.375,c,,001,2020-07-11_12h02.26.422,choiceRTT,3.1.3,60
,0,-0.37777777,-0.015740748,1,0,0,targImage,1,0,8,4,1,7,1,-0.375,c,,001,2020-07-11_12h02.26.422,choiceRTT,3.1.3,60
,0,-0.146296229,-0.035185193,1,0,0,targImage,1,0,8,1,1,7,1,-0.125,v,,001,2020-07-11_12h02.26.422,choiceRTT,3.1.3,60
,0,0.07592594,-0.037962971,1,0,0,targImage,1,0,8,2,1,7,1,0.125,b,,001,2020-07-11_12h02.26.422,choiceRTT,3.1.3,60
,0,-0.050925913,-0.043518527,1,0,0,targImage,1,0,8,5,1,7,1,-0.125,v,,001,2020-07-11_12h02.26.422,choiceRTT,3.1.3,60
,0,0.184259275,-0.028703712,1,0,0,targImage,1,0,8,6,1,7,1,0.125,b,,001,2020-07-11_12h02.26.422,choiceRTT,3.1.3,60
