response.keys,response.corr,mouseResp.x,mouseResp.y,mouseResp.leftButton,mouseResp.midButton,mouseResp.rightButton,mouseResp.clicked_name,practiceTrials.thisRepN,practiceTrials.thisTrialN,practiceTrials.thisN,practiceTrials.thisIndex,practiceTrials.ran,practiceTrials.order,isi,xPos,corrAns,participant,session,date,expName,psychopyVersion,frameRate
,0,0.354166667,-0.047697368,1,0,0,targImage,1,0,8,7,1,7,1,0.375,n,,001,2020-07-23_16h50.01.929,choiceRTT,3.1.3,60
,0,-0.160635965,-0.065241228,1,0,0,targImage,1,0,8,1,1,7,1,-0.125,v,,001,2020-07-23_16h50.01.929,choiceRTT,3.1.3,60
,0,0.094298246,-0.043311404,1,0,0,targImage,1,0,8,2,1,7,1,0.125,b,,001,2020-07-23_16h50.01.929,choiceRTT,3.1.3,60
,0,0.060855263,-0.002741228,1,0,0,targImage,1,0,8,6,1,7,1,0.125,b,,001,2020-07-23_16h50.01.929,choiceRTT,3.1.3,60
,0,-0.143092105,-0.033442982,1,0,0,targImage,1,0,8,5,1,7,1,-0.125,v,,001,2020-07-23_16h50.01.929,choiceRTT,3.1.3,60
,0,-0.326754386,-0.019736842,1,0,0,targImage,1,0,8,0,1,7,1,-0.375,c,,001,2020-07-23_16h50.01.929,choiceRTT,3.1.3,60
