response.keys,response.corr,mouseResp.x,mouseResp.y,mouseResp.leftButton,mouseResp.midButton,mouseResp.rightButton,mouseResp.clicked_name,practiceTrials.thisRepN,practiceTrials.thisTrialN,practiceTrials.thisN,practiceTrials.thisIndex,practiceTrials.ran,practiceTrials.order,isi,xPos,corrAns,participant,session,date,expName,psychopyVersion,frameRate
,0,0.416666686,-0.041666675,1,0,0,targImage,1,0,8,3,1,7,1,0.375,n,,001,2020-04-23_13h18.36.585,choiceRTT,3.1.3,60
,0,0.187037053,-0.000925933,1,0,0,targImage,1,0,8,2,1,7,1,0.125,b,,001,2020-04-23_13h18.36.585,choiceRTT,3.1.3,60
,0,-0.37314814,0.035185178,1,0,0,targImage,1,0,8,4,1,7,1,-0.375,c,,001,2020-04-23_13h18.36.585,choiceRTT,3.1.3,60
,0,-0.380555548,0.026851817,1,0,0,targImage,1,0,8,0,1,7,1,-0.375,c,,001,2020-04-23_13h18.36.585,choiceRTT,3.1.3,60
,0,0.417592612,0.036111076,1,0,0,targImage,1,0,8,7,1,7,1,0.375,n,,001,2020-04-23_13h18.36.585,choiceRTT,3.1.3,60
,0,-0.055555543,0.010185178,1,0,0,targImage,1,0,8,1,1,7,1,-0.125,v,,001,2020-04-23_13h18.36.585,choiceRTT,3.1.3,60
,0,0.079629644,-0.018518526,1,0,0,targImage,1,0,8,6,1,7,1,0.125,b,,001,2020-04-23_13h18.36.585,choiceRTT,3.1.3,60
