response.keys,response.corr,response.rt,mouseResp.x,mouseResp.y,mouseResp.leftButton,mouseResp.midButton,mouseResp.rightButton,practiceTrials.thisRepN,practiceTrials.thisTrialN,practiceTrials.thisN,practiceTrials.thisIndex,practiceTrials.ran,practiceTrials.order,isi,xPos,corrAns,participant,session,date,expName,psychopyVersion,frameRate
n,1,5.657999992,-0.136111089,-0.212037058,0,0,0,1,0,8,3,1,7,1,0.375,n,,001,2020-07-13_10h38.35.894,choiceRTT,3.1.3,60
b,0,0.630000114,-0.136111089,-0.212037058,0,0,0,1,0,8,1,1,7,1,-0.125,v,,001,2020-07-13_10h38.35.894,choiceRTT,3.1.3,60
n,1,1.845000029,-0.136111089,-0.212037058,0,0,0,1,0,8,7,1,7,1,0.375,n,,001,2020-07-13_10h38.35.894,choiceRTT,3.1.3,60
v,1,0.762000084,-0.136111089,-0.212037058,0,0,0,1,0,8,5,1,7,1,-0.125,v,,001,2020-07-13_10h38.35.894,choiceRTT,3.1.3,60
c,1,0.312999964,-0.136111089,-0.212037058,0,0,0,1,0,8,4,1,7,1,-0.375,c,,001,2020-07-13_10h38.35.894,choiceRTT,3.1.3,60
v,0,0.463999987,-0.136111089,-0.212037058,0,0,0,1,0,8,0,1,7,1,-0.375,c,,001,2020-07-13_10h38.35.894,choiceRTT,3.1.3,60
b,1,0.330000162,-0.136111089,-0.212037058,0,0,0,1,0,8,2,1,7,1,0.125,b,,001,2020-07-13_10h38.35.894,choiceRTT,3.1.3,60
v,0,0.229000092,-0.136111089,-0.212037058,0,0,0,1,0,8,6,1,7,1,0.125,b,,001,2020-07-13_10h38.35.894,choiceRTT,3.1.3,60
