response.keys,response.corr,mouseResp.x,mouseResp.y,mouseResp.leftButton,mouseResp.midButton,mouseResp.rightButton,mouseResp.clicked_name,practiceTrials.thisRepN,practiceTrials.thisTrialN,practiceTrials.thisN,practiceTrials.thisIndex,practiceTrials.ran,practiceTrials.order,isi,xPos,corrAns,participant,session,date,expName,psychopyVersion,frameRate
,0,0.102582465,-0.017039207,1,0,0,targImage,1,0,8,2,1,7,1,0.125,b,,001,2020-07-13_12h17.54.976,choiceRTT,3.1.3,60
,0,-0.350086806,-0.015299479,1,0,0,targImage,1,0,8,0,1,7,1,-0.375,c,,001,2020-07-13_12h17.54.976,choiceRTT,3.1.3,60
,0,0.319191262,-0.02124566,1,0,0,targImage,1,0,8,3,1,7,1,0.375,n,,001,2020-07-13_12h17.54.976,choiceRTT,3.1.3,60
,0,0.1098886,-0.027839265,1,0,0,targImage,1,0,8,6,1,7,1,0.125,b,,001,2020-07-13_12h17.54.976,choiceRTT,3.1.3,60
,0,-0.097887731,-0.015686487,1,0,0,targImage,1,0,8,5,1,7,1,-0.125,v,,001,2020-07-13_12h17.54.976,choiceRTT,3.1.3,60
,0,-0.348690683,-0.01057581,1,0,0,targImage,1,0,8,4,1,7,1,-0.375,c,,001,2020-07-13_12h17.54.976,choiceRTT,3.1.3,60
,0,-0.137684462,-0.018496817,1,0,0,targImage,1,0,8,1,1,7,1,-0.125,v,,001,2020-07-13_12h17.54.976,choiceRTT,3.1.3,60
,0,0.340451389,-0.031427228,1,0,0,targImage,1,0,8,7,1,7,1,0.375,n,,001,2020-07-13_12h17.54.976,choiceRTT,3.1.3,60
