response.keys,response.corr,mouseResp.x,mouseResp.y,mouseResp.leftButton,mouseResp.midButton,mouseResp.rightButton,mouseResp.clicked_name,practiceTrials.thisRepN,practiceTrials.thisTrialN,practiceTrials.thisN,practiceTrials.thisIndex,practiceTrials.ran,practiceTrials.order,isi,xPos,corrAns,participant,session,date,expName,psychopyVersion,frameRate
,0,-0.356164384,-0.023592085,1,0,0,targImage,1,0,8,4,1,7,1,-0.375,c,,001,2020-02-26_17h30.26.707,choiceRTT,3.1.3,60
,0,-0.080669711,-0.034246575,1,0,0,targImage,1,0,8,1,1,7,1,-0.125,v,,001,2020-02-26_17h30.26.707,choiceRTT,3.1.3,60
,0,0.430745814,-0.058599696,1,0,0,targImage,1,0,8,7,1,7,1,0.375,n,,001,2020-02-26_17h30.26.707,choiceRTT,3.1.3,60
,0,0.136986301,-0.005327245,1,0,0,targImage,1,0,8,6,1,7,1,0.125,b,,001,2020-02-26_17h30.26.707,choiceRTT,3.1.3,60
,0,-0.372907154,-0.015981735,1,0,0,targImage,1,0,8,0,1,7,1,-0.375,c,,001,2020-02-26_17h30.26.707,choiceRTT,3.1.3,60
,0,-0.135464231,-0.023592085,1,0,0,targImage,1,0,8,5,1,7,1,-0.125,v,,001,2020-02-26_17h30.26.707,choiceRTT,3.1.3,60
,0,0.133942161,-0.006849315,1,0,0,targImage,1,0,8,2,1,7,1,0.125,b,,001,2020-02-26_17h30.26.707,choiceRTT,3.1.3,60
,0,0.378995434,-0.011415525,1,0,0,targImage,1,0,8,3,1,7,1,0.375,n,,001,2020-02-26_17h30.26.707,choiceRTT,3.1.3,60
