response.keys,response.corr,mouseResp.x,mouseResp.y,mouseResp.leftButton,mouseResp.midButton,mouseResp.rightButton,mouseResp.clicked_name,practiceTrials.thisRepN,practiceTrials.thisTrialN,practiceTrials.thisN,practiceTrials.thisIndex,practiceTrials.ran,practiceTrials.order,isi,xPos,corrAns,participant,session,date,expName,psychopyVersion,frameRate
,0,0.196759259,-0.017361111,1,0,0,targImage,1,0,8,2,1,7,1,0.125,b,sdf,001,2020-03-22_15h22.47.568,choiceRTT,3.1.3,60
,0,-0.34375,-0.006944444,1,0,0,targImage,1,0,8,0,1,7,1,-0.375,c,sdf,001,2020-03-22_15h22.47.568,choiceRTT,3.1.3,60
,0,0.395833333,-0.021990741,1,0,0,targImage,1,0,8,3,1,7,1,0.375,n,sdf,001,2020-03-22_15h22.47.568,choiceRTT,3.1.3,60
,0,-0.141203704,-0.034722222,1,0,0,targImage,1,0,8,5,1,7,1,-0.125,v,sdf,001,2020-03-22_15h22.47.568,choiceRTT,3.1.3,60
,0,-0.290509259,-0.006944444,1,0,0,targImage,1,0,8,4,1,7,1,-0.375,c,sdf,001,2020-03-22_15h22.47.568,choiceRTT,3.1.3,60
,0,0.153935185,-0.010416667,1,0,0,targImage,1,0,8,6,1,7,1,0.125,b,sdf,001,2020-03-22_15h22.47.568,choiceRTT,3.1.3,60
,0,0.353009259,-0.002314815,1,0,0,targImage,1,0,8,7,1,7,1,0.375,n,sdf,001,2020-03-22_15h22.47.568,choiceRTT,3.1.3,60
,0,-0.039351852,-0.019675926,1,0,0,targImage,1,0,8,1,1,7,1,-0.125,v,sdf,001,2020-03-22_15h22.47.568,choiceRTT,3.1.3,60
