response.keys,response.corr,mouseResp.x,mouseResp.y,mouseResp.leftButton,mouseResp.midButton,mouseResp.rightButton,mouseResp.clicked_name,practiceTrials.thisRepN,practiceTrials.thisTrialN,practiceTrials.thisN,practiceTrials.thisIndex,practiceTrials.ran,practiceTrials.order,isi,xPos,corrAns,participant,session,date,expName,psychopyVersion,frameRate
,0,-0.122395833,-0.059895833,1,0,0,targImage,1,0,8,1,1,7,1,-0.125,v,sutest1,001,2020-03-31_16h05.13.059,choiceRTT,3.1.3,60
,0,0.345052083,-0.037760417,1,0,0,targImage,1,0,8,7,1,7,1,0.375,n,sutest1,001,2020-03-31_16h05.13.059,choiceRTT,3.1.3,60
,0,0.36328125,-0.033854167,1,0,0,targImage,1,0,8,3,1,7,1,0.375,n,sutest1,001,2020-03-31_16h05.13.059,choiceRTT,3.1.3,60
,0,0.135416667,-0.010416667,1,0,0,targImage,1,0,8,2,1,7,1,0.125,b,sutest1,001,2020-03-31_16h05.13.059,choiceRTT,3.1.3,60
,0,-0.342447917,-0.014322917,1,0,0,targImage,1,0,8,0,1,7,1,-0.375,c,sutest1,001,2020-03-31_16h05.13.059,choiceRTT,3.1.3,60
,0,-0.138020833,-0.020833333,1,0,0,targImage,1,0,8,5,1,7,1,-0.125,v,sutest1,001,2020-03-31_16h05.13.059,choiceRTT,3.1.3,60
,0,-0.384114583,-0.03515625,1,0,0,targImage,1,0,8,4,1,7,1,-0.375,c,sutest1,001,2020-03-31_16h05.13.059,choiceRTT,3.1.3,60
,0,0.092447917,0.0078125,1,0,0,targImage,1,0,8,6,1,7,1,0.125,b,sutest1,001,2020-03-31_16h05.13.059,choiceRTT,3.1.3,60
